Workbook

Sheet PORTADA
Z1: DISEÑO DE INGENIERÍA | BC1: CODIGO: | BO1: P2437-HV-CAL-001 | CB1: REVIZADO | CC1: JULIO 23 DEL 2026
BC2: REVISION: | BO2: CERO (0) | CB2: APROBADO | CC2: JULIO 24 DEL 2026
Z3: SISTEMA HVAC LABORATORIO BRINSA | BC3: FECHA: | BO3: JULIO 23 DEL 2026
BC4: ELABORO: | BO4: J.ARBOLEDA
Z5: MEMORIA DE CÁLCULO DEL SISTEMA DE VENTILACIÓN Y PRESURIZACIÓN DEL LABORATORIO | BC5: REVISO: | BO5: F.NAVIA
A6: PROYECTO | N6: P2437 | BC6: APROBO: | BO6: H.ROSERO
R21: Elaborado por: | AF21: Revisado por: | AT21: Aprobado por:
R24: J.ARBOLEDA
R27: ="Fecha :"&BO3 -> Fecha :JULIO 23 DEL 2026 | AF27: ="Fecha :"&CC1 -> Fecha :JULIO 23 DEL 2026 | AT27: ="Fecha :"&CC2 -> Fecha :JULIO 24 DEL 2026
O39: Versión | V39: Autor | AC39: Descripción | AP39: Fecha de elaboración | AW39: Fecha de revisión | BD39: Revisado por
O42: CERO (0) | V42: J.ARBOLEDA | AC42: Emitido para cotizacion | AP42: =BO3 -> JULIO 23 DEL 2026 | AW42: =AT27 -> Fecha :JULIO 24 DEL 2026 | BD42: =BO5 -> F.NAVIA

Sheet MEMORIA DE CÁLCULO
C1: =PORTADA!Z1 -> DISEÑO DE INGENIERÍA | D1: CODIGO: | E1: =PORTADA!BO1 -> P2437-HV-CAL-001
C2: =PORTADA!Z3 -> SISTEMA HVAC LABORATORIO BRINSA | D2: REVISION: | E2: =PORTADA!BO2 -> CERO (0)
D3: FECHA: | E3: =PORTADA!BO3 -> JULIO 23 DEL 2026
C4: =PORTADA!Z5 -> MEMORIA DE CÁLCULO DEL SISTEMA DE VENTILACIÓN Y PRESURIZACIÓN DEL LABORATORIO | D4: ELABORO: | E4: =PORTADA!BO4 -> J.ARBOLEDA
D5: REVISO: | E5: =PORTADA!BO5 -> F.NAVIA
A6: PROYECTO: | B6: =PORTADA!N6 -> P2437 | D6: APROBO: | E6: =PORTADA!BO6 -> H.ROSERO
A7: 1 | B7: 2 | C7: 3 | D7: 4 | E7: 5 | F7: 6
A9: 1. DATOS GENERALES — MEMORIA DE CÁLCULO, SISTEMA DE VENTILACIÓN Y PRESURIZACIÓN
A11: Información del proyecto
A12: Concepto | B12: Valor | C12: Unidad | D12: Observación
A13: Nombre del proyecto | B13: Laboratorio Brinsa | C13: - | D13: Ventilación por impulsión con presión positiva
A14: Ubicación | B14: C:\Users\ingen\OneDrive\Escritorio\HVAC\Calculos | C14: - | D14: Carpeta de cálculos del proyecto
A15: Volumen efectivo del laboratorio (V) | B15: 320 | C15: m³ | D15: Medición / modelo 3D
A16: Renovaciones de aire (N) | B16: 12 | C16: ren/h | D16: Sustentado normativamente
A17: Objetivo | B17: Presurización positiva | C17: - | D17: Evitar ingreso de contaminantes
A18: Estrategia | B18: Ventilador directo + rejillas de exfiltración | C18: - | D18: Sin ductos de impulsión
A20: Objetivo del documento
A21: Presentar de forma atómica, funcional y verificable el cálculo del caudal de aire, potencia del ventilador, área de impulsión del ventilador (sin ductos), área/dimensiones de las rejillas de exfiltración para modelado CFD, y el cierre presión–caudal que sustenta la presurización, con sustentación normativa.
A25: 2. PARÁMETROS DE ENTRADA
A27: Parámetro | B27: Símbolo | C27: Valor | D27: Unidad | E27: Referencia / Nota
A28: Volumen efectivo del laboratorio | B28: V | C28: 320 | D28: m³ | E28: Medición directa o del modelo
A29: Renovaciones de aire | B29: N | C29: 12 | D29: ren/h | E29: Ver sección 5. NORMATIVA
A30: Presión total estimada del ventilador | B30: ΔP | C30: 190 | D30: Pa | E30: Escenario MERV cargado (ver sección 6. ESCENARIOS DE FILTRACIÓN)
A31: Eficiencia total del ventilador | B31: η | C31: 0.6 | D31: - | E31: Centrífugo/axial típico
A32: Velocidad en boca del ventilador | B32: v_vent | C32: 8 | D32: m/s | E32: Para CFD, rango 6–12 m/s
A33: Velocidad de exfiltración en rejillas | B33: v_sal | C33: 3 | D33: m/s | E33: Rango recomendado 2.5–4.0 m/s
A34: Número de rejillas de salida | B34: n_rej | C34: 3 | D34: unid. | E34: Distribución propuesta
A35: Proporción ancho/alto rejilla | B35: prop | C35: 0.95 | D35: - | E35: 353 mm × 336 mm ≈ 0.95
A36: Densidad del aire | B36: rho | C36: 0.88 | D36: kg/m³ | E36: Bases de diseño (Cajicá, 2 558 msnm, P_atm = 74.1 kPa, aire 20 °C)
A37: Coeficiente de descarga orificio | B37: Cd | C37: 0.6 | D37: - | E37: Orificio borde afilado, ASHRAE Handbook Fundamentals
A38: Set-point presión diferencial | B38: ΔP_pos | C38: 25 | D38: Pa | E38: Presión positiva vs zona adyacente
A40: Notas:
A41: • Modifique los valores en amarillo; todos los cálculos se actualizan automáticamente.
A42: • Las fórmulas están visibles en la barra de fórmulas de cada celda.
A43: • Unidades: 1 m³/min = 35.3147 CFM; 1 kW = 1.341 HP.
A45: 3. DESARROLLO DE CÁLCULOS
A47: Paso | B47: Descripción | C47: Fórmula / Valor | D47: Resultado | E47: Unidad | F47: Referencia celda
A48: 1 | B48: Caudal de aire volumétrico | C48: Q = V × N / 60 | D48: =C28*C29/60 -> 64 | E48: m³/min | F48: =D48 -> 64
A49: 2 | B49: Caudal de aire en m³/h | C49: Q_h = Q × 60 | D49: =D48*60 -> 3840 | E49: m³/h | F49: =D49 -> 3840
A50: 3 | B50: Caudal de aire en CFM | C50: Q_cfm = Q × 35.3147 | D50: =D48*35.3147 -> 2260.1408 | E50: CFM | F50: =D50 -> 2260.1408
A51: 4 | B51: Caudal en m³/s | C51: Q_s = Q / 60 | D51: =D48/60 -> 1.0666667 | E51: m³/s | F51: =D51 -> 1.0666667
A52: 5 | B52: Potencia teórica del ventilador | C52: P = Q_s × ΔP / (η × 1000) | D52: =D51*C30/(C31*1000) -> 0.33777778 | E52: kW | F52: =D52 -> 0.33777778
A53: 6 | B53: Potencia en HP | C53: HP = P × 1.341 | D53: =D52*1.341 -> 0.45296 | E53: HP | F53: =D53 -> 0.45296
A54: 7 | B54: Área de impulsión del ventilador | C54: A_vent = Q_s / v_vent | D54: =D51/C32 -> 0.13333333 | E54: m² | F54: =D54 -> 0.13333333
A55: 8 | B55: Diámetro equivalente del ventilador | C55: D = √(4×A_vent/π) | D55: =SQRT(4*D54/PI()) -> 0.41202582 | E55: m | F55: =D55 -> 0.41202582
A56: 9 | B56: Radio del ventilador | C56: r = D / 2 | D56: =D55/2 -> 0.20601291 | E56: m | F56: =D56 -> 0.20601291
A57: 10 | B57: Radio del ventilador en mm | C57: r_mm = r × 1000 | D57: =D56*1000 -> 206.01291 | E57: mm | F57: =D57 -> 206.01291
A58: 11 | B58: Área neta total de rejillas de salida | C58: A_exfil = Q_s / v_sal | D58: =D51/C33 -> 0.35555556 | E58: m² | F58: =D58 -> 0.35555556
A59: 12 | B59: Área neta por rejilla de salida | C59: A_rej = A_exfil / n_rej | D59: =D58/C34 -> 0.11851852 | E59: m² | F59: =D59 -> 0.11851852
A60: 13 | B60: Altura de rejilla (proporción dada) | C60: h = √(A_rej / prop) | D60: =SQRT(D59/C35) -> 0.35320863 | E60: m | F60: =D60 -> 0.35320863
A61: 14 | B61: Ancho de rejilla | C61: w = A_rej / h | D61: =D59/D60 -> 0.3355482 | E61: m | F61: =D61 -> 0.3355482
A62: 15 | B62: Altura de rejilla en mm | C62: h_mm = h × 1000 | D62: =D60*1000 -> 353.20863 | E62: mm | F62: =D62 -> 353.20863
A63: 16 | B63: Ancho de rejilla en mm | C63: w_mm = w × 1000 | D63: =D61*1000 -> 335.5482 | E63: mm | F63: =D63 -> 335.5482
A64: 17 | B64: Presión diferencial sostenida (orificio) | C64: dP = (rho/2)×(Q_s/(Cd×A_exfil))² | D64: =C36/2*(D51/(C37*D58))^2 -> 11 | E64: Pa | F64: =D64 -> 11
A65: 18 | B65: Área total requerida para 25 Pa | C65: A_25 = Q_s/(Cd×√(2×25/rho)) | D65: =D51/(C37*SQRT(2*25/C36)) -> 0.23584887 | E65: m² | F65: =D65 -> 0.23584887
A67: 4. RESUMEN DE RESULTADOS DE DISEÑO
A69: Parámetro | B69: Valor | C69: Unidad | D69: Observación
A70: Caudal de diseño | B70: =D48 -> 64 | C70: m³/min | D70: Caudal de impulsión requerido
A71: Caudal de diseño | B71: =D49 -> 3840 | C71: m³/h | D71: Equivalente en metros cúbicos por hora
A72: Caudal de diseño | B72: =D50 -> 2260.1408 | C72: CFM | D72: Equivalente en pies cúbicos por minuto
A73: Potencia teórica del ventilador | B73: =D52 -> 0.33777778 | C73: kW | D73: Escenario MERV cargado a 190 Pa y η=0.60
A74: Potencia teórica del ventilador | B74: =D53 -> 0.45296 | C74: HP | D74: Unidades imperiales
A75: Potencia instalada recomendada | B75: =ROUNDUP(D53,0) -> 1 | C75: HP | D75: Motor comercial con margen (escenario MERV)
A76: Área de impulsión del ventilador | B76: =D54 -> 0.13333333 | C76: m² | D76: Boca del ventilador
A77: Diámetro equivalente del ventilador | B77: =D55 -> 0.41202582 | C77: m | D77: Para referencia
A78: Radio del ventilador (CFD) | B78: =D57 -> 206.01291 | C78: mm | D78: Círculo de inyección
A79: Velocidad de impulsión | B79: =C32 -> 8 | C79: m/s | D79: Condición de entrada CFD
A80: Área neta total de rejillas de salida | B80: =D58 -> 0.35555556 | C80: m² | D80: A v=3 m/s
A81: Número de rejillas de salida | B81: =C34 -> 3 | C81: unid. | D81: Distribución propuesta
A82: Área neta por rejilla de salida | B82: =D59 -> 0.11851852 | C82: m² | D82: Cada rejilla
A83: Altura de rejilla de salida | B83: =D62 -> 353.20863 | C83: mm | D83: Dimensiones para CFD
A84: Ancho de rejilla de salida | B84: =D63 -> 335.5482 | C84: mm | D84: Dimensiones para CFD
A85: Velocidad de exfiltración | B85: =C33 -> 3 | C85: m/s | D85: Condición de salida CFD (pressure outlet)
A86: Presión diferencial sostenida (sin balancear) | B86: =D64 -> 11 | C86: Pa | D86: Cierre orificio, Cd=0.6
A87: Presión diferencial objetivo | B87: 25 | C87: Pa | D87: Con damper de alivio + control
A89: 5. SUSTENTACIÓN NORMATIVA — 12 RENOVACIONES/HORA
A91: Norma / Guía | B91: Año / Edición | C91: Recomendación ACH | D91: Observación
A92: ASHRAE 170 — Ventilation of Health Care Facilities | B92: 2021 | C92: 6–15 ACH | D92: Laboratorios clínicos/procedimiento
A93: ASHRAE 62.1 — Ventilation for Acceptable IAQ | B93: 2022 | C93: Por ocupación y área | D93: Caudal mínimo de aire exterior
A94: OSHA 29 CFR 1910.1450 — Laboratory Standard | B94: 2012 | C94: Según PEL | D94: Ventilación para control de exposición
A95: NFPA 99 — Health Care Facilities Code | B95: 2021 | C95: Cumplimiento de sistemas | D95: Fiabilidad de sistemas de aire
A96: WHO — Laboratory Biosafety Manual (BSL-2) | B96: 2004 | C96: 6–12 ACH | D96: 12 ACH = límite superior BSL-2
A97: WHO — Laboratory Biosafety Manual (BSL-3) | B97: 2004 | C97: 12–15 ACH | D97: 12 ACH = umbral inferior BSL-3
A98: NIH — Design Requirements Manual | B98: 2023 | C98: 10–12 ACH | D98: Punto de diseño para laboratorios biomédicos
A99: ASHRAE Handbook — Fundamentals | B99: 2021 | C99: — | D99: Coeficiente de descarga de orificios (Cd)
A100: RETIE (Colombia) | B100: vigente | C100: — | D100: Seguridad eléctrica del motor del ventilador
A101: NTC 2050 (Colombia) | B101: vigente | C101: — | D101: Circuitos y protecciones eléctricas
A102: Resolución 0312/2019 MinSalud (Colombia) | B102: 2019 | C102: — | D102: Habilitación de servicios de salud (si aplica)
A104: Conclusión
A105: La selección de 12 renovaciones de aire por hora está sustentada por las guías internacionales de bioseguridad (WHO BSL-2/BSL-3, NIH DRM) y los estándares de ventilación de ASHRAE para instalaciones de salud. El marco regulatorio local (RETIE, NTC 2050, Resolución 0312/2019) aplica a la infraestructura y seguridad eléctrica del equipo; no existe norma colombiana que fije un valor de ACH distinto para este caso.
A109: 6. ESCENARIOS DE FILTRACIÓN Y MOTOR RECOMENDADO
A110: ΔP_vent total = ΔP_filtro + ΔP_offset (25 Pa) + ΔP_rejillas (11 Pa). El caudal Q_s se toma del paso 4 de la sección 3 (celda D51). Sitio: Cajicá, Cundinamarca (2 558 msnm, ρ = 0.88 kg/m³).
A112: Escenario de filtración | B112: ΔP filtro (Pa) | C112: ΔP vent total (Pa) | D112: P teórica (kW) | E112: P teórica (HP) | F112: Motor recomendado (HP)
A113: MERV 13-14 limpio | B113: 59 | C113: =B113+25+11 -> 95 | D113: =D51*C113/(0.6*1000) -> 0.16888889 | E113: =D113*1.341 -> 0.22648 | F113: =ROUNDUP(E113,0) -> 1
A114: MERV 13-14 cargado (diseño) | B114: 154 | C114: =B114+25+11 -> 190 | D114: =D51*C114/(0.6*1000) -> 0.33777778 | E114: =D114*1.341 -> 0.45296 | F114: =ROUNDUP(E114,0) -> 1
A115: HEPA H13 limpio (referencia histórica — no aplica) | B115: 250 | C115: =B115+25+11 -> 286 | D115: =D51*C115/(0.6*1000) -> 0.50844444 | E115: =D115*1.341 -> 0.681824 | F115: =ROUNDUP(E115,0) -> 1
A116: HEPA H13 cargado (referencia histórica — no aplica) | B116: 600 | C116: =B116+25+11 -> 636 | D116: =D51*C116/(0.6*1000) -> 1.1306667 | E116: =D116*1.341 -> 1.516224 | F116: =ROUNDUP(E116,0) -> 2
A118: Nota:
A119: El motor instalado de 1.0 HP TEFC anticorrosivo corresponde al escenario MERV 13-14 cargado, que es el punto de diseño. Los escenarios HEPA son solo referencia histórica: el laboratorio de análisis industrial NO requiere HEPA. Para selección de ventilador en catálogo (ρ = 1.2 kg/m³), usar el punto equivalente 3 840 m³/h @ 260 Pa (diseño) o 130 Pa (limpio). La potencia se recalcula automáticamente si cambia el caudal en la sección 3. DESARROLLO DE CÁLCULOS.
A123: 7. VISTA RÁPIDA — RESULTADOS (FÓRMULAS VIVAS)
...
